#{"t_start": 1774025425.9025102, "env_id": "ColoredChestKuka-v0"}
r,l,t
-58.671793,150,0.104342
-64.280084,150,0.190816
-34.211195,150,0.284661
22.577734,150,0.37462
-45.855203,150,0.46078
19.802418,150,0.54816
-31.669342,150,0.633652
29.903123,150,0.721272
-3.665545,150,0.806112
-4.684507,150,0.889896
-62.739118,150,0.977816
-46.014301,150,1.071884
-8.401758,150,1.176185
-11.354884,150,1.96327
-27.837667,150,2.056652
-4.988647,150,2.16259
-61.398335,150,2.260517
-41.923932,150,2.35243
-47.345766,150,2.536248
-15.260294,150,2.641134
-74.554344,150,2.727747
-12.412855,150,2.811946
-18.633058,150,2.897981
-46.926958,150,2.990235
-33.103159,150,3.08902
13.892595,150,3.188295
-26.51492,150,3.28233
-57.400616,150,3.87005
43.068651,150,3.972112
-57.833879,150,4.063601
35.689555,150,4.154331
-18.317177,150,4.24899
-47.488016,150,4.337407
-2.123678,150,4.506255
40.919069,150,4.616985
15.222114,150,4.70937
-78.674531,150,4.797032
1026.511802,112,4.872012
41.06231,150,4.962647
-26.096679,150,5.052549
-11.214898,150,5.146183
-69.460067,150,5.734313
36.12697,150,5.824432
67.964157,150,5.966779
24.29009,150,6.059348
-73.15453,150,6.152667
30.750896,150,6.253595
1015.983332,124,6.44576
1021.892767,148,6.536993
6.548754,150,6.634226
11.320065,150,6.729688
62.130787,150,6.819091
-52.126352,150,6.906782
-2.691545,150,6.994542
10.815816,150,7.082742
-25.024651,150,7.638419
-13.525032,150,7.72598
41.528915,150,7.811762
30.953463,150,7.897208
1020.405508,130,7.972357
20.958936,150,8.057692
-35.248042,150,8.141708
-21.048185,150,8.33417
-61.048975,150,8.42148
-28.65302,150,8.506976
59.427926,150,8.590593
-56.020794,150,8.67775
22.331467,150,8.766639
-36.767441,150,9.323763
-36.093891,150,9.408129
-7.729479,150,9.496703
9.227922,150,9.581106
39.92171,150,9.668436
-11.293554,150,9.752376
-6.816221,150,9.839879
1028.661837,119,9.916206
4.509507,150,10.004128
-4.284027,150,10.090095
-54.620376,150,10.180155
-25.802415,150,10.264154
49.091629,150,10.351255
1016.283007,117,10.427792
-52.990678,150,10.982934
-57.927339,150,11.071314
13.174219,150,11.156187
-71.162285,150,11.241523
-7.497402,150,11.327858
-16.30732,150,11.414939
1012.579388,96,11.480105
39.184493,150,11.564785
-34.135875,150,11.650094
-79.150637,150,11.735131
17.088696,150,11.820099
1.029695,150,11.901862
-8.463343,150,11.986551
-57.398643,150,12.074052
24.638714,150,12.707841
-12.032108,150,12.792775
-35.243782,150,12.885439
-54.169808,150,12.982742
8.17019,150,13.089339
2.457308,150,13.179474
-5.157523,150,13.349227
-28.049016,150,13.435525
32.919962,150,13.520684
-43.640159,150,13.60539
-50.902676,150,13.689635
50.434972,150,13.774362
1014.963087,101,13.842748
-27.929233,150,13.928628
-34.998787,150,14.482849
-24.410106,150,14.57315
24.841377,150,14.660758
-45.639757,150,14.748154
19.128646,150,14.831502
-69.114539,150,14.916236
9.270107,150,15.001891
-30.787047,150,15.158851
-11.43795,150,15.258379
-39.612508,150,15.354684
38.55834,150,15.44731
1.711858,150,15.538138
16.432815,150,15.630488
7.444088,150,15.724552
1023.85725,138,16.507213
36.391495,150,16.60936
-20.595037,150,16.747401
-52.532749,150,17.239218
40.818819,150,17.402217
46.341625,150,17.553353
-21.073819,150,17.710848
17.073117,150,17.869457
-24.684861,150,17.972382
-24.391536,150,18.058798
-61.310792,150,18.145804
-59.822074,150,18.231776
36.215416,150,18.319663
-7.251736,150,18.407916
3.038084,150,18.971687
-6.925812,150,19.063025
-16.902095,150,19.154359
-18.442153,150,19.240984
-53.230654,150,19.329028
-15.987712,150,19.415002
1020.008309,101,19.482299
31.519655,150,19.666698
-38.444482,150,19.754202
36.271883,150,19.846665
-22.917314,150,19.935416
-2.042853,150,20.019028
-18.924372,150,20.106986
-45.905638,150,20.193295
-57.274734,150,20.781246
38.384054,150,20.881365
-10.095448,150,20.968658
9.862199,150,21.056353
16.821675,150,21.147272
67.123892,150,21.247629
-9.761065,150,21.448515
-14.051547,150,21.54191
22.841146,150,21.637978
5.67164,150,21.730331
52.432632,150,21.818187
-60.589063,150,21.904369
55.262506,150,21.989593
-38.598768,150,22.545046
-37.599269,150,22.631191
-4.490682,150,22.716643
-21.009776,150,22.801552
-64.033956,150,22.889025
-21.951088,150,22.975888
-8.639559,150,23.063095
16.108942,150,23.213528
76.700035,150,23.317073
1026.165118,110,23.392726
-39.391594,150,23.484104
-5.941981,150,23.575293
-56.406438,150,23.664184
27.390704,150,23.751882
7.429103,150,24.298046
18.618815,150,24.387991
4.408443,150,24.476004
-57.064003,150,24.561796
21.601663,150,24.64508
-20.399529,150,24.728355
48.399176,150,24.815646
37.060537,150,24.902015
-22.529828,150,25.054628
33.447767,150,25.153829
6.760731,150,25.239529
33.992587,150,25.326636
0.758694,150,25.413037
9.924705,150,25.498454
1014.496623,96,26.020952
18.04804,150,26.108007
37.934741,150,26.192772
68.632911,150,26.280265
46.451792,150,26.36656
-0.317459,150,26.451344
-33.280255,150,26.536677
7.524756,150,26.624805
32.823846,150,26.715624
27.150288,150,26.801402
-50.558719,150,26.896844
42.971167,150,26.995891
31.006817,150,27.095195
-7.80145,150,27.184338
-12.952329,150,27.733906
-52.291991,150,27.894752
41.294603,150,27.982711
-52.626158,150,28.069054
-2.335588,150,28.157186
1069.020146,147,28.240613
-1.567543,150,28.327946
38.989587,150,28.41581
47.097576,150,28.50101
4.730738,150,28.590162
31.109833,150,28.676861
3.924432,150,28.765065
38.118452,150,28.849518
58.802961,150,28.939389
34.592744,150,29.567906
1041.176771,110,29.641701
19.827156,150,29.726675
-9.26717,150,29.812008
2.4963,150,29.89729
-26.59675,150,29.982289
-46.143671,150,30.073428
-25.756128,150,30.160852
1015.516313,77,30.221019
-40.648771,150,30.30687
1031.358152,94,30.370378
32.293049,150,30.45568
24.84508,150,30.54103
24.901359,150,30.624149
1009.944666,104,30.693098
51.493691,150,31.242013
3.454819,150,31.332118
13.18742,150,31.416248
1013.751101,76,31.471491
81.070108,150,31.556888
-43.223333,150,31.645463
23.439942,150,31.729321
75.330043,150,31.815943
-36.721306,150,31.904519
-32.526087,150,31.988755
3.83597,150,32.078038
-49.340396,150,32.162555
37.622272,150,32.249129
-25.791318,150,32.334964
-22.920726,150,32.883689
-31.833018,150,32.971663
-31.831877,150,33.057561
-6.660122,150,33.144632
-4.071423,150,33.23182
-68.185915,150,33.318389
66.246728,150,33.406843
1019.677403,90,33.550571
31.190454,150,33.637856
1017.204763,73,33.694642
17.059042,150,33.779478
-33.246806,150,33.863192
-47.914781,150,33.950271
54.412673,150,34.036879
-20.984328,150,34.579822
60.403878,150,34.666224
-25.075848,150,34.750183
6.632031,150,34.83462
21.771238,150,34.922255
-40.374283,150,35.008094
9.696634,150,35.092715
-54.405848,150,35.246717
-49.817869,150,35.345083
-41.171725,150,35.433851
58.944292,150,35.519189
1.563928,150,35.607318
27.371534,150,35.690579
54.620994,150,35.777055
18.213862,150,36.324682
-33.175891,150,36.409881
27.505824,150,36.499593
-1.9922,150,36.584854
64.333365,150,36.670466
77.131476,150,36.758516
-3.047488,150,36.84588
28.334105,150,36.932521
79.530218,150,37.016841
20.72624,150,37.176808
1031.623376,93,37.245485
-14.666896,150,37.397689
38.020322,150,37.48983
58.894336,150,37.580171
-46.957629,150,38.13328
-54.299832,150,38.224158
-10.018751,150,38.309941
13.559753,150,38.397597
65.870023,150,38.486297
-43.562059,150,38.571735
10.255265,150,38.656649
-60.68845,150,38.746721
11.907402,150,38.835294
23.70311,150,38.924494
33.725216,150,39.015016
-46.012028,150,39.104233
-31.785137,150,39.208879
-39.035403,150,39.294744
2.241358,150,39.852878
12.283642,150,39.938648
28.83019,150,40.025297
-27.256681,150,40.109059
44.311988,150,40.199763
31.008011,150,40.287242
39.828784,150,40.41198
9.524726,150,40.503208
-41.367754,150,40.593535
18.328651,150,40.684181
-31.414255,150,40.772289
-19.366012,150,40.857241
1017.084475,77,40.914813
-50.972523,150,41.0006
-41.098624,150,41.562944
-73.509737,150,41.653476
-12.848693,150,41.744982
1013.66095,75,41.805157
25.048495,150,41.89516
1038.582821,115,41.968358
2.987235,150,42.172768
18.765168,150,42.411113
69.734576,150,42.512685
39.924152,150,42.608589
-11.880603,150,42.706722
46.498975,150,42.799555
43.963248,150,42.889122
36.263165,150,42.983281
45.967627,150,43.652993
43.643823,150,43.737357
-13.839411,150,43.824271
-47.741514,150,43.908546
53.544337,150,43.994652
59.458593,150,44.079757
30.526583,150,44.162614
-60.616424,150,44.248114
56.327906,150,44.336446
19.444617,150,44.425671
-62.177589,150,44.516023
-43.22378,150,44.606484
34.579769,150,44.696018
-69.627615,150,44.785854
-13.878861,150,45.347562
50.081551,150,45.43915
46.814879,150,45.530375
66.723182,150,45.616851
-24.698971,150,45.700107
1025.687428,87,45.759905
88.973716,150,45.845944
51.383424,150,45.93438
67.551961,150,46.027778
2.902224,150,46.114139
-26.364405,150,46.203665
38.522813,150,46.289222
26.449415,150,46.381557
64.02249,150,46.470457
-28.169726,150,47.024646
38.374917,150,47.117413
-70.440737,150,47.200769
71.06713,150,47.287148
-8.191625,150,47.372662
70.031321,150,47.468633
22.010423,150,47.555339
27.036257,150,47.724794
-3.035303,150,47.810301
6.68334,150,47.895387
14.788499,150,47.983442
39.543664,150,48.070924
-25.279336,150,48.156905
68.571085,150,48.242458
36.661642,150,48.788456
37.460792,150,48.876395
50.267468,150,48.966088
1015.542152,99,49.030451
50.036329,150,49.117539
12.538394,150,49.204848
34.136212,150,49.292328
11.387737,150,49.38151
47.32062,150,49.546768
46.838416,150,49.646991
47.645764,150,49.735566
1044.207908,109,49.807421
-37.797593,150,49.890748
42.285194,150,49.97816
30.040345,150,50.53827
12.498462,150,50.625351
1020.141311,81,50.688746
20.793717,150,50.777692
54.497335,150,50.864205
33.405788,150,50.949353
30.525314,150,51.03794
1031.597104,98,51.10792
-7.597175,150,51.195486
13.715005,150,51.378825
47.843049,150,51.483284
1017.52892,77,51.574689
1017.452981,73,51.634373
44.370915,150,51.724984
2.065367,150,51.813249
3.245968,150,52.386757
66.636463,150,52.475424
1013.964544,77,52.535437
6.69208,150,52.623258
-18.269783,150,52.711917
-11.264108,150,52.7995
23.168462,150,52.889593
9.145041,150,52.98322
1018.636065,76,53.118488
1016.236917,69,53.175516
11.812149,150,53.265061
1031.469454,94,53.329963
87.024079,150,53.417357
20.449218,150,53.503329
37.65775,150,53.592263
-20.463492,150,53.678081
37.033207,150,54.23019
1018.999816,78,54.290469
10.051174,150,54.377287
16.713706,150,54.460778
67.319588,150,54.548098
34.281454,150,54.639072
-0.363278,150,54.726535
34.384921,150,54.814672
-18.606154,150,54.90261
52.2246,150,54.98814
39.061473,150,55.074473
1030.878417,101,55.141803
54.255028,150,55.228764
50.217318,150,55.317314
35.442417,150,56.003209
26.583028,150,56.088498
61.995687,150,56.175832
1013.485801,77,56.235542
-24.789168,150,56.331198
24.985963,150,56.429858
28.50296,150,56.621543
39.131995,150,56.714472
-6.519781,150,56.806694
1014.461442,71,56.863765
-45.871206,150,56.951782
62.29955,150,57.041884
51.301883,150,57.128575
69.66581,150,57.21219
2.793193,150,57.298128
58.892005,150,57.893048
37.196858,150,57.986298
47.933489,150,58.078228
41.599092,150,58.167158
24.706464,150,58.25501
-0.242376,150,58.346839
31.437259,150,58.438697
19.08443,150,58.631126
30.675509,150,58.728244
32.403973,150,58.822035
4.713411,150,58.916874
53.028932,150,59.014527
-6.260661,150,59.108718
52.334381,150,59.19927
43.064808,150,59.773604
1016.600497,72,59.834313
73.133449,150,59.933117
55.528402,150,60.027941
46.043077,150,60.124774
48.145746,150,60.221892
45.444547,150,60.403375
37.255919,150,60.542027
1014.700606,74,60.606935
39.2484,150,60.69653
30.944076,150,60.78532
1014.102529,85,60.851952
35.653261,150,60.939621
32.737877,150,61.025701
49.090834,150,61.114549
73.346629,150,61.698572
43.521121,150,61.791351
52.184922,150,61.884789
27.848255,150,61.977954
68.344724,150,62.069054
1023.600759,78,62.128757
75.385266,150,62.216496
5.083221,150,62.403288
61.515237,150,62.490894
58.11228,150,62.578452
55.286747,150,62.667
1013.38571,67,62.722156
36.439983,150,62.811648
7.784738,150,62.901705
52.986587,150,62.991352
5.558802,150,63.619838
29.682065,150,63.712246
50.617969,150,63.802061
-26.58476,150,63.888765
7.533602,150,63.978075
47.158411,150,64.067273
31.575489,150,64.154794
47.701897,150,64.241763
49.885643,150,64.329593
58.57858,150,64.416677
1042.75109,97,64.48317
46.998025,150,64.570371
25.026776,150,64.733734
13.25223,150,64.820235
1010.870837,81,65.33169
67.288476,150,65.416248
1018.60116,74,65.475059
83.190269,150,65.561026
44.07377,150,65.6447
25.297563,150,65.729063
63.743532,150,65.815661
36.254818,150,65.900933
35.545573,150,65.988884
26.550712,150,66.075729
4.270177,150,66.156932
1016.136877,71,66.213253
65.485442,150,66.295436
45.499882,150,66.383726
37.326185,150,66.468221
41.319354,150,67.013367
1033.406463,87,67.07518
43.280648,150,67.163165
17.953551,150,67.248128
9.696236,150,67.334333
38.426189,150,67.419459
15.96607,150,67.502981
1014.749433,80,67.558471
44.117593,150,67.645519
1019.620124,75,67.699923
1028.061513,107,67.844927
42.94466,150,67.928834
16.008051,150,68.011163
52.587696,150,68.09583
50.697194,150,68.179394
48.968105,150,68.725645
39.528892,150,68.811376
49.88389,150,68.896139
38.608105,150,68.982645
9.895923,150,69.068075
33.830389,150,69.155512
1015.530281,72,69.21344
61.183878,150,69.299733
1078.948032,144,69.383779
30.244833,150,69.467521
54.336355,150,69.556315
57.86336,150,69.642832
1017.978422,87,69.701747
63.505788,150,69.783857
39.709321,150,69.869987
77.234298,150,70.441847
58.999562,150,70.528963
1014.32195,82,70.585545
38.654167,150,70.670509
1039.880235,102,70.734978
1019.891249,85,70.792128
28.402132,150,70.879119
27.5611,150,70.967895
35.507192,150,71.05663
47.555231,150,71.143477
1044.228903,141,71.225059
44.422112,150,71.3118
29.428395,150,71.396146
75.690422,150,71.480347
46.732983,150,71.561554
57.690175,150,72.100342
48.793908,150,72.186564
26.358173,150,72.273895
1015.920599,72,72.330169
2.159136,150,72.415477
41.51962,150,72.502246
1016.955009,69,72.556333
54.003868,150,72.719279
34.936182,150,72.810656
33.025948,150,72.898623
51.936473,150,72.983869
78.182113,150,73.068474
47.470341,150,73.153335
52.560926,150,73.239467
11.185489,150,73.787371
1011.903876,126,73.861847
1062.836405,145,73.948102
53.660274,150,74.033518
1016.112452,75,74.091272
1016.497353,74,74.146627
41.437778,150,74.231088
1017.452553,86,74.289901
68.450181,150,74.379518
41.089048,150,74.465145
35.737907,150,74.551775
53.010159,150,74.635396
28.062264,150,74.719594
43.355748,150,74.807594
71.344623,150,74.921802
1024.063002,87,74.985172
43.421444,150,75.530973
12.540693,150,75.614515
75.653556,150,75.700466
27.258735,150,75.785982
48.834909,150,75.874574
46.356564,150,75.96043
39.710336,150,76.051279
39.264602,150,76.260893
1017.254262,73,76.335451
1016.843113,78,76.392646
58.09855,150,76.477698
30.690402,150,76.562619
46.583755,150,76.647123
22.195273,150,76.734576
65.373893,150,76.823691
42.957959,150,77.367537
38.932587,150,77.452181
34.538002,150,77.536397
52.813866,150,77.619657
55.479862,150,77.707727
56.965812,150,77.795101
75.278899,150,77.879242
1019.564255,79,78.004509
41.334771,150,78.100826
75.998728,150,78.186053
59.556883,150,78.272258
32.235219,150,78.361264
27.386353,150,78.44459
45.328961,150,78.528377
48.679429,150,79.073946
61.608467,150,79.161985
60.029292,150,79.249149
40.992621,150,79.333107
32.264724,150,79.419966
1012.375711,77,79.474946
25.961697,150,79.5597
1019.103927,90,79.61892
50.581628,150,79.708518
1017.541286,87,79.770076
24.167345,150,79.854784
1010.77896,75,79.909721
69.848602,150,79.993666
34.972965,150,80.078057
39.989565,150,80.165495
1018.585044,86,80.223657
1025.097505,79,80.823367
35.036408,150,80.912703
46.500064,150,80.998429
56.937166,150,81.086264
62.478694,150,81.173041
44.769939,150,81.25976
47.998098,150,81.348223
44.389102,150,81.431578
1015.149209,79,81.488546
1011.045465,78,81.543412
47.741326,150,81.69362
1023.2411,91,81.767822
75.695748,150,81.855258
52.700957,150,81.940906
1019.342679,81,81.999146
27.93516,150,82.084909
52.960895,150,82.63003
47.632533,150,82.718654
51.746365,150,82.805056
1023.256345,92,82.867745
1017.212755,84,82.924813
1012.233718,74,82.982721
56.730312,150,83.069277
35.063264,150,83.152637
74.653733,150,83.239498
1011.203042,71,83.298177
1012.901224,86,83.358393
43.951087,150,83.446747
43.637901,150,83.538498
33.992306,150,83.625748
44.683583,150,83.713851
51.937583,150,83.797912
1019.751676,78,84.383895
34.479583,150,84.471614
60.776332,150,84.555624
1017.141828,77,84.613165
41.720466,150,84.699681
35.735927,150,84.783522
35.986734,150,84.872129
7.193835,150,84.957398
46.527673,150,85.041629
1014.032855,78,85.102163
1014.11742,76,85.158568
1018.962334,90,85.221167
47.904274,150,85.304864
1014.735672,76,85.362749
44.601514,150,85.449883
7.986835,150,85.535803
48.34007,150,86.081559
25.690935,150,86.167294
22.904321,150,86.254149
37.60065,150,86.338903
1014.653515,72,86.39664
1018.163017,75,86.45326
12.657194,150,86.540701
1010.788468,77,86.59844
59.78199,150,86.681811
43.877065,150,86.770171
36.448251,150,86.856683
58.097999,150,86.940888
-15.542986,150,87.024433
32.045732,150,87.109879
1014.969204,76,87.164404
39.895957,150,87.250179
30.433586,150,87.873013
23.383626,150,87.96045
64.659203,150,88.047428
11.539242,150,88.134292
16.618734,150,88.222702
43.723745,150,88.316294
27.757657,150,88.420453
-6.506833,150,88.509754
0.623668,150,88.595582
1019.85541,83,88.656966
17.33356,150,88.782124
60.411069,150,88.884501
36.111241,150,88.98169
45.718683,150,89.071682
46.29602,150,89.724083
1015.331169,70,89.776771
19.119089,150,89.863057
45.870677,150,89.950107
-5.475088,150,90.037783
33.64849,150,90.121968
9.590187,150,90.313704
1026.67606,87,90.413533
27.088549,150,90.500364
1017.755412,84,90.567201
1012.348909,76,90.632117
43.048914,150,90.72504
1038.826486,105,90.794998
19.335447,150,90.877642
-3.088845,150,90.963644
1019.114085,85,91.022678
1048.934615,131,91.558393
39.752259,150,91.646569
63.330283,150,91.732888
63.315825,150,91.817277
1007.888871,79,91.873888
1014.345875,80,91.929784
-11.997765,150,92.017299
46.536695,150,92.104605
1015.874295,82,92.16182
74.10382,150,92.245284
1017.186901,65,92.29758
10.962933,150,92.382738
66.511695,150,92.467174
45.653614,150,92.551847
58.06045,150,92.635137
45.889192,150,92.724919
1015.425977,86,93.248208
66.457901,150,93.332714
52.715638,150,93.418386
74.802261,150,93.502262
1019.750088,76,93.557111
1016.966821,80,93.613877
35.020233,150,93.697657
1015.90161,77,93.752733
1024.22655,90,93.812836
25.603135,150,93.902649
41.887818,150,93.989133
53.241236,150,94.074308
46.698934,150,94.158491
1007.30457,80,94.214701
59.74435,150,94.299586
12.75467,150,94.385605
47.013266,150,94.934493
1008.156718,74,94.989835
36.520134,150,95.074542
33.665375,150,95.159058
1015.083549,83,95.219529
56.386865,150,95.30695
1013.145696,85,95.364748
47.232206,150,95.45017
2.147841,150,95.61211
1007.156132,87,95.676791
34.257826,150,95.764676
1013.983103,70,95.818797
1020.751435,99,95.884453
34.795599,150,95.969096
44.135959,150,96.054843
46.563003,150,96.143889
49.347761,150,96.22727
23.680979,150,96.782191
1016.294772,72,96.83794
23.239772,150,96.922198
52.21311,150,97.007181
50.12595,150,97.088269
1014.114483,80,97.146485
43.913562,150,97.229037
26.806088,150,97.378023
48.678591,150,97.464947
1021.339258,78,97.522414
0.899926,150,97.608677
1008.173519,101,97.677118
28.562754,150,97.764736
0.467802,150,97.850655
59.994823,150,97.997733
1014.169274,71,98.063883
24.187677,150,98.617707
-28.096297,150,98.70217
6.921439,150,98.78537
51.338533,150,98.87099
65.684084,150,98.959466
70.599912,150,99.051526
38.245576,150,99.139464
16.247755,150,99.226146
1019.850951,91,99.287142
26.917264,150,99.395202
40.836516,150,99.531563
9.19329,150,99.617273
1013.433752,75,99.673017
21.116057,150,99.759299
38.714338,150,100.341026
35.660853,150,100.425476
72.155194,150,100.5102
1019.326553,96,100.572134
3.372109,150,100.658507
1004.602845,85,100.716779
56.830887,150,100.801111
1011.914694,77,100.859247
1018.134116,83,100.925116
34.781446,150,101.012141
1012.092419,87,101.071777
43.931322,150,101.155804
13.394768,150,101.240042
74.895687,150,101.325882
47.613158,150,101.409746
1014.90398,86,101.471353
1019.349683,81,101.529847
57.779166,150,102.076149
38.102693,150,102.161507
1020.11287,106,102.230619
1037.163441,116,102.302041
54.090757,150,102.386133
1012.522604,76,102.440142
1016.113264,74,102.495197
1029.080609,94,102.55856
1012.005747,76,102.615283
-7.035168,150,102.701028
33.62446,150,102.788729
1014.754133,85,102.849027
84.067684,150,102.935088
1018.450217,85,103.053348
46.13022,150,103.146846
55.856914,150,103.232275
66.785191,150,103.313751
54.429122,150,103.857883
25.427564,150,103.945189
58.239185,150,104.030037
57.647957,150,104.111811
58.749971,150,104.196297
33.106935,150,104.282701
1016.419203,80,104.341688
55.132155,150,104.428734
62.809604,150,104.516879
1026.958484,94,104.58033
54.740423,150,104.665443
22.438188,150,104.748319
27.593502,150,104.830892
57.314394,150,104.915785
72.459127,150,105.458303
15.548688,150,105.543332
5.207913,150,105.630113
47.57863,150,105.715167
49.429785,150,105.801485
28.391223,150,105.886453
1017.041493,80,105.942172
1035.179726,105,106.009924
55.368632,150,106.155312
62.907253,150,106.240532
1017.082809,90,106.299977
1014.530586,79,106.354559
71.324563,150,106.44099
1008.935981,78,106.496125
59.193619,150,106.578916
1011.146216,73,106.634737
1018.301527,89,106.696783
1010.266813,74,107.214391
52.801369,150,107.30244
69.702477,150,107.387031
40.512189,150,107.471388
48.616689,150,107.554728
27.28561,150,107.641184
9.358679,150,107.723289
59.915292,150,107.806045
70.508452,150,107.894043
62.130471,150,107.979394
34.285748,150,108.060336
71.520575,150,108.147787
46.03469,150,108.235019
29.852089,150,108.319898
37.512916,150,108.939544
44.452576,150,109.026976
44.637101,150,109.113555
48.075327,150,109.200343
1011.042729,77,109.257524
-15.088692,150,109.340469
1011.047012,87,109.402421
43.370067,150,109.562545
74.804753,150,109.649702
39.695801,150,109.73753
21.030185,150,109.822287
80.898172,150,109.935492
79.921684,150,110.025165
1016.721682,72,110.079654
67.024148,150,110.166354
1023.15705,78,110.22179
38.234858,150,110.764774
56.391799,150,110.850715
49.34616,150,110.935557
73.768771,150,111.020994
71.032029,150,111.107744
43.056171,150,111.193193
29.422186,150,111.276408
1015.810829,85,111.400679
1016.592744,84,111.464884
61.165732,150,111.548414
48.348746,150,111.632419
37.084633,150,111.716872
42.865808,150,111.801454
53.714314,150,111.88712
1018.505004,89,111.94804
21.933666,150,112.488382
1012.956161,77,112.545371
54.609692,150,112.630211
48.416624,150,112.712266
1008.606727,79,112.769943
1017.125049,80,112.828184
53.36996,150,112.91715
57.494643,150,113.000691
36.48837,150,113.090825
1011.442458,76,113.153338
35.133721,150,113.243214
22.251063,150,113.337757
65.685231,150,113.423848
39.169193,150,113.512855
70.037708,150,113.595478
48.083998,150,114.132413
47.632824,150,114.218703
1013.057555,75,114.27659
56.431152,150,114.361945
55.20874,150,114.447317
74.9784,150,114.532619
61.756058,150,114.615541
52.506782,150,114.699048
69.48278,150,114.783305
54.913517,150,114.868026
46.050085,150,114.952402
1015.842553,77,115.006485
76.920716,150,115.095522
57.291262,150,115.180602
1012.112451,76,115.237153
34.867413,150,115.780867
72.657198,150,115.86519
1010.132976,74,115.920823
26.83436,150,116.004993
59.831561,150,116.088573
1018.922658,81,116.145317
1016.312095,80,116.20277
15.946659,150,116.285997
1014.066712,75,116.403537
63.785961,150,116.496555
46.514832,150,116.583837
41.646547,150,116.67012
60.527174,150,116.755892
1008.812433,79,116.810732
1028.239701,85,116.867586
1025.11202,86,116.925917
70.67118,150,117.007954
36.940169,150,117.54385
33.383435,150,117.630006
52.567784,150,117.713731
40.221152,150,117.795815
40.322221,150,117.883177
35.222068,150,117.965166
52.697543,150,118.047392
53.244506,150,118.1308
42.500628,150,118.294091
-9.261075,150,118.38152
47.650919,150,118.467192
20.640294,150,118.549775
1013.945848,73,118.60257
62.366418,150,118.691392
44.060133,150,119.234154
78.71426,150,119.3204
35.322654,150,119.404539
56.230422,150,119.490951
36.889924,150,119.574839
38.629789,150,119.65929
0.907755,150,119.742617
1007.681999,79,119.801238
29.411609,150,119.965316
68.158506,150,120.05007
30.238142,150,120.136831
13.56398,150,120.221333
32.572299,150,120.308868
51.56894,150,120.393962
46.472501,150,120.935069
1018.603235,77,120.993842
1009.074353,77,121.05165
47.496467,150,121.136866
1020.564248,87,121.195376
1018.167105,77,121.251264
32.300286,150,121.335401
64.039446,150,121.420524
19.26801,150,121.504159
-1.972336,150,121.593485
30.676411,150,121.679686
1006.646466,76,121.736187
35.175966,150,121.820476
1019.78936,97,121.884431
44.430554,150,121.968469
79.64305,150,122.054961
70.465685,150,122.137773
40.938148,150,122.692331
48.43298,150,122.778775
21.233657,150,122.865826
49.12376,150,122.953998
-24.885725,150,123.0391
1012.522975,80,123.095611
1016.664315,66,123.145095
42.600246,150,123.229286
39.00376,150,123.316309
38.233943,150,123.397426
48.255803,150,123.481622
19.872948,150,123.567591
1016.688765,78,123.624899
53.389185,150,123.712524
39.184499,150,123.798377
40.528987,150,124.342582
1012.186094,82,124.402403
1015.218942,76,124.458694
1012.849395,74,124.512735
1010.615235,75,124.570208
48.711674,150,124.654767
1008.165542,80,124.719657
32.34063,150,124.811778
61.940002,150,125.002848
32.820072,150,125.105684
1015.120435,75,125.166268
63.468974,150,125.252272
1029.034648,84,125.312002
26.930125,150,125.39536
54.699162,150,125.483159
0.253841,150,125.565694
33.086835,150,125.650814
1013.379975,77,126.157922
23.753622,150,126.243364
31.0747,150,126.331501
9.702859,150,126.415428
28.824889,150,126.500146
50.860028,150,126.5847
35.365091,150,126.668791
54.519453,150,126.75605
1011.584731,76,126.81933
32.200948,150,126.903754
1016.487279,68,126.955999
31.204807,150,127.04323
1009.334219,78,127.100196
8.235414,150,127.184049
40.851571,150,127.267927
30.661853,150,127.351514
1009.151243,75,127.942104
1011.118194,77,127.999995
66.684035,150,128.088631
25.184629,150,128.172707
1014.133645,84,128.23505
51.082418,150,128.321508
44.948079,150,128.410899
1036.069445,88,128.533044
1028.439671,85,128.602085
1008.775705,74,128.65688
-3.733279,150,128.742365
1014.044959,72,128.796291
0.740012,150,128.87988
1039.69214,120,128.954056
44.637781,150,129.035733
39.472789,150,129.124689
1010.939783,77,129.185232
82.82054,150,129.730054
24.903814,150,129.815944
64.083186,150,129.905131
1018.762408,91,129.967606
36.457072,150,130.054952
24.348574,150,130.137617
27.302303,150,130.220439
46.096115,150,130.308616
16.928335,150,130.394915
60.790419,150,130.478353
1013.744223,69,130.529908
55.713046,150,130.617197
47.818827,150,130.707104
1012.142742,74,130.762616
38.207355,150,130.849577
13.874082,150,131.396785
1017.246308,72,131.450258
1011.417728,78,131.50535
30.451998,150,131.588302
1024.11035,88,131.651323
39.969969,150,131.738814
55.736655,150,131.825684
28.740973,150,131.913825
1007.13915,75,131.968857
23.910416,150,132.055985
21.752632,150,132.142895
1015.810264,71,132.195259
67.561212,150,132.28341
-1.449377,150,132.365803
27.444087,150,132.448016
72.247761,150,132.533581
65.983917,150,133.072702
1012.542097,79,133.129874
42.887934,150,133.215483
1016.731182,74,133.27286
28.988592,150,133.35837
86.696173,150,133.442239
37.693704,150,133.52434
53.821256,150,133.608939
62.3342,150,133.776992
48.260475,150,133.860285
12.273977,150,133.944937
38.245555,150,134.029656
1014.841695,68,134.084244
53.385797,150,134.169686
50.633533,150,134.254937
59.182826,150,134.340627
1011.422104,76,134.858409
7.856791,150,134.941717
71.496813,150,135.026829
54.78967,150,135.116278
34.359032,150,135.201746
45.831851,150,135.286694
72.511432,150,135.377352
1012.639265,67,135.430128
37.560327,150,135.515895
70.08956,150,135.60084
56.982514,150,135.685984
48.827557,150,135.774198
58.360188,150,135.858705
1021.739198,80,135.916677
44.490641,150,136.000128
9.147004,150,136.541805
37.886005,150,136.627206
1016.945412,83,136.685573
65.161089,150,136.76805
1009.342562,74,136.823616
30.892661,150,136.910878
29.085445,150,136.994931
53.481583,150,137.079278
47.504283,150,137.285945
41.196206,150,137.388268
1014.624259,70,137.443006
41.952829,150,137.533219
40.894694,150,137.620968
32.541259,150,137.704727
41.953302,150,137.796129
1014.914336,66,137.84659
22.629152,150,138.390899
1007.722774,75,138.448194
54.402936,150,138.534486
45.741968,150,138.616625
1017.954639,78,138.675874
66.913891,150,138.761911
1016.926684,70,138.819451
1024.637008,87,138.879512
1009.972098,77,138.936855
1011.521633,71,138.991146
61.960856,150,139.077939
49.917535,150,139.164268
82.527793,150,139.256885
49.2047,150,139.342339
36.359772,150,139.429149
46.615598,150,139.515222
1015.095727,71,139.568075
1009.1463,74,140.158816
49.099779,150,140.246323
47.571833,150,140.331559
38.797579,150,140.416262
60.453099,150,140.501379
1015.026372,72,140.554102
2.851019,150,140.64118
56.486203,150,140.73112
29.836773,150,140.929773
67.683659,150,141.01645
38.012071,150,141.101493
1023.997182,96,141.164827
1016.189615,73,141.219688
1015.05712,73,141.2768
51.94839,150,141.365644
49.127252,150,141.450579
48.555891,150,142.001286
1006.553965,75,142.059859
1043.704237,104,142.130539
45.748324,150,142.218561
44.877413,150,142.30445
1012.682352,77,142.362421
42.695017,150,142.445507
42.785992,150,142.533344
55.629377,150,142.779341
14.872539,150,142.940562
37.05024,150,143.08277
49.872094,150,143.228791
1011.120607,69,143.304728
1012.537827,70,143.39049
44.287278,150,143.492672
52.196345,150,143.582504
57.121847,150,144.221229
1020.911475,80,144.282515
1021.654296,80,144.34196
1022.579802,80,144.396691
55.688232,150,144.481806
46.027871,150,144.567291
1009.330564,74,144.628314
1022.22059,76,144.693188
49.621842,150,144.885815
55.164097,150,144.973097
1020.08893,74,145.031788
66.775268,150,145.118199
1005.598073,78,145.178057
58.454804,150,145.265266
1015.748281,72,145.319033
41.921412,150,145.405633
61.032127,150,145.491784
54.817154,150,146.067159
31.618171,150,146.15195
65.366157,150,146.2374
63.826637,150,146.32572
66.389477,150,146.408124
1022.776989,82,146.467054
55.87458,150,146.551061
1022.835066,87,146.613065
37.656812,150,146.705174
1014.160275,85,146.769382
1018.822414,68,146.903346
1014.596494,82,146.969723
66.048001,150,147.05797
1011.459163,68,147.110273
39.11092,150,147.193455
37.13183,150,147.277827
38.440973,150,147.361546
1016.521513,71,147.926436
42.755392,150,148.024
54.197942,150,148.122486
1021.418261,74,148.181991
53.646897,150,148.26987
67.401761,150,148.356246
32.315693,150,148.438726
1012.753928,66,148.555926
70.818263,150,148.652066
45.781803,150,148.740586
74.885321,150,148.827501
1012.92642,74,148.884741
73.608632,150,148.971955
61.242265,150,149.056936
1016.357192,71,149.112769
65.10829,150,149.201085
52.495987,150,149.752527
1011.3595,75,149.810842
7.9143,150,149.895413
1015.211292,73,149.951501
54.964343,150,150.038715
54.284157,150,150.122193
1015.695058,88,150.185972
1014.958707,71,150.241305
42.262848,150,150.328926
1016.346789,70,150.460113
49.545991,150,150.547919
1012.284323,74,150.604314
40.52364,150,150.692127
52.679067,150,150.777038
1013.683434,83,150.836834
38.915457,150,150.922215
58.647398,150,151.011029
58.173957,150,151.552546
35.635978,150,151.639181
46.09622,150,151.725179
1032.572336,116,151.79925
1022.318187,81,151.855745
43.070066,150,151.939936
1011.626819,75,151.995642
1008.734358,74,152.051553
67.537642,150,152.136048
45.766242,150,152.222296
1004.301227,79,152.282723
7.095109,150,152.36933
40.76488,150,152.45602
44.389424,150,152.54165
1016.32848,80,152.601852
76.160375,150,152.688103
59.81026,150,153.22546
49.160839,150,153.31362
31.984466,150,153.396997
68.072925,150,153.478169
1014.29287,83,153.536101
56.516744,150,153.618719
1015.141511,73,153.672488
1008.214155,76,153.728389
32.351698,150,153.813894
33.3235,150,153.907766
51.337527,150,153.993193
58.406255,150,154.078242
1013.71938,74,154.134896
1023.728693,91,154.197683
36.547459,150,154.287281
37.707656,150,154.375563
45.154363,150,154.915984
40.690891,150,155.006594
44.210891,150,155.093735
50.277025,150,155.183621
20.551121,150,155.268994
1015.451249,70,155.321704
67.467106,150,155.411816
1024.447864,81,155.469712
44.473294,150,155.630488
1018.582076,79,155.692429
1008.002255,77,155.751353
52.992896,150,155.837598
1015.685586,75,155.894961
9.569213,150,155.979206
1014.771584,72,156.033704
1014.216779,71,156.085466
4.252353,150,156.168577
1010.98689,70,156.220548
1018.499945,81,156.275568
1009.887369,86,156.79331
23.890395,150,156.879772
63.515741,150,156.96558
57.181245,150,157.050672
1008.874628,74,157.104943
85.156341,150,157.189222
25.388786,150,157.325681
44.80034,150,157.426779
39.537727,150,157.522549
50.365767,150,157.612443
1017.790607,79,157.672163
34.627764,150,157.836759
1012.977257,67,157.891899
58.119255,150,157.976065
44.927555,150,158.059043
1016.368729,87,158.120406
47.414962,150,158.672258
1019.306968,78,158.728214
52.858569,150,158.812252
1013.833353,77,158.869352
39.779345,150,158.955245
52.038669,150,159.039289
22.642339,150,159.12205
1016.312158,72,159.175536
44.043442,150,159.331802
43.560071,150,159.424655
42.590384,150,159.513374
11.822514,150,159.598883
1010.172121,73,159.655407
45.03547,150,159.740374
47.121649,150,159.825301
6.272386,150,160.371905
38.534599,150,160.455551
48.736697,150,160.54443
63.335051,150,160.629755
67.253122,150,160.713431
59.517111,150,160.794533
23.015195,150,160.876069
66.826883,150,160.960138
53.497136,150,161.111928
58.11544,150,161.200247
11.923215,150,161.289911
39.639757,150,161.380377
1013.968649,71,161.43416
28.658207,150,161.518643
48.834132,150,162.063255
54.562924,150,162.152903
46.129455,150,162.244018
44.465879,150,162.341358
23.094072,150,162.430742
45.360537,150,162.516268
19.476981,150,162.603057
18.680422,150,162.688419
24.322702,150,162.773109
32.461577,150,162.860788
53.556438,150,162.949372
37.959444,150,163.09876
21.148783,150,163.183997
42.939254,150,163.268519
50.123441,150,163.818382
1008.666723,69,163.871697
69.613485,150,163.957162
29.372541,150,164.042561
56.696757,150,164.130322
62.239747,150,164.218113
1016.496634,70,164.275139
63.202458,150,164.357658
23.147772,150,164.445648
1012.44112,66,164.500622
1010.440817,65,164.553074
53.041956,150,164.640925
21.216229,150,164.722802
64.314761,150,164.807677
25.886994,150,164.891366
28.28099,150,164.978252
54.962017,150,165.52516
35.08043,150,165.612271
56.995675,150,165.697079
1018.799708,78,165.754359
73.467901,150,165.840455
5.77854,150,165.927266
1013.317497,76,165.987469
29.53885,150,166.072418
-5.608319,150,166.161397
1013.614701,68,166.213978
46.949173,150,166.298603
1013.96744,66,166.351102
48.927886,150,166.438523
25.145011,150,166.524918
69.748168,150,166.610819
57.902688,150,166.696015
48.23595,150,167.242984
1013.498208,76,167.300357
1017.623238,77,167.358252
22.877361,150,167.441136
43.027508,150,167.526495
47.013528,150,167.613427
83.542649,150,167.701853
19.227334,150,167.866744
18.341935,150,167.950983
1009.144266,75,168.0051
65.114497,150,168.089508
45.073572,150,168.172104
37.872075,150,168.256238
1016.509278,72,168.312033
74.204969,150,168.398034
48.23769,150,168.942615
1011.968172,79,169.001137
53.447198,150,169.087859
1016.628009,74,169.142316
40.157232,150,169.225541
55.799284,150,169.309755
68.155265,150,169.397111
42.217127,150,169.481634
47.357364,150,169.567559
1010.050026,73,169.624769
49.673357,150,169.708472
69.279384,150,169.795473
56.569759,150,169.880745
45.728422,150,169.966623
41.991845,150,170.05086
29.294156,150,170.132744
55.840078,150,170.678402
23.107299,150,170.768349
33.444732,150,170.852789
80.830333,150,170.935895
1011.657868,72,170.990935
51.506128,150,171.074139
63.864758,150,171.159981
1009.129503,72,171.214603
63.209678,150,171.377551
34.092504,150,171.464223
64.613289,150,171.547382
47.089358,150,171.633106
1014.315186,70,171.689014
72.620444,150,171.776186
1015.490832,67,171.830721
1015.062528,74,171.885613
57.926994,150,172.428882
1.601334,150,172.511272
35.918618,150,172.593727
22.090901,150,172.679693
25.951705,150,172.761529
62.928307,150,172.845388
59.238187,150,172.929727
51.778989,150,173.018921
1014.278454,69,173.073762
1018.001086,77,173.12946
46.482765,150,173.217224
59.681147,150,173.302725
34.439771,150,173.387492
1017.724056,73,173.524914
44.04938,150,173.620763
1014.293099,67,173.694697
6.138319,150,174.261033
67.296309,150,174.352019
25.167333,150,174.437988
34.312562,150,174.523051
61.459099,150,174.628187
1013.061025,71,174.698267
13.580885,150,174.817078
1014.231264,73,174.979481
1012.040553,81,175.055214
0.73917,150,175.231742
1013.239325,70,175.288742
1010.266376,79,175.348832
25.748384,150,175.436842
68.275836,150,175.529841
49.70958,150,175.619884
43.366884,150,175.705059
-3.179894,150,176.299721
15.395291,150,176.387512
1017.222167,71,176.448413
27.347483,150,176.535804
1010.133502,80,176.592725
2.671006,150,176.678718
10.47386,150,176.764212
43.254503,150,176.853536
63.825676,150,176.940063
1012.474429,69,176.995209
43.993314,150,177.090924
34.978641,150,177.192028
70.72378,150,177.293258
37.329416,150,177.390679
1009.123977,69,177.456357
23.894988,150,178.074218
1011.034457,72,178.137522
15.646617,150,178.225564
49.863055,150,178.314132
11.604384,150,178.441422
49.385529,150,178.547862
28.368235,150,178.649108
5.467865,150,178.739578
1015.329718,71,178.796686
65.658876,150,178.885399
48.190006,150,178.973841
1013.967446,71,179.03143
67.456136,150,179.119387
45.616127,150,179.311068
63.279833,150,179.465776
49.170094,150,179.551963
1010.626956,72,180.081078
63.613556,150,180.16766
57.124825,150,180.259434
49.042366,150,180.354212
1016.690803,72,180.416587
65.112706,150,180.506686
39.49141,150,180.59531
1013.722667,75,180.654907
42.814644,150,180.822905
31.342519,150,180.911936
1017.728487,73,180.974175
66.136239,150,181.071007
28.533339,150,181.165994
1019.269083,89,181.233134
52.997236,150,181.330343
49.653118,150,181.424375
7.814063,150,182.035294
55.438817,150,182.13015
39.184206,150,182.227072
1015.90266,72,182.295439
62.64399,150,182.395539
68.294387,150,182.492224
1011.506868,70,182.67417
17.042963,150,182.87431
61.929762,150,182.999397
1018.941537,76,183.060331
49.513093,150,183.158017
1011.97595,76,183.22707
1010.562522,77,183.295378
53.300542,150,183.393211
10.801605,150,183.490628
1009.620501,80,183.555973
23.569197,150,184.143693
65.800506,150,184.234449
62.953987,150,184.32598
65.459038,150,184.410578
59.132723,150,184.5001
47.626869,150,184.587714
30.96022,150,184.673619
43.275156,150,184.848551
56.547969,150,184.936413
43.699694,150,185.023456
1010.714076,72,185.083317
32.883297,150,185.172604
70.833888,150,185.261557
65.268541,150,185.349297
1016.211957,80,185.4085
33.995769,150,186.010432
61.270241,150,186.097873
46.879163,150,186.187024
68.82272,150,186.278155
1027.068865,85,186.343708
61.820774,150,186.433101
79.638581,150,186.522068
35.392792,150,186.612847
1012.42791,73,186.747456
61.940266,150,186.833362
7.399098,150,186.9223
1013.242357,80,186.984486
32.242309,150,187.073002
45.135027,150,187.161203
45.102857,150,187.252922
46.48424,150,187.812701
47.527924,150,187.901537
66.118259,150,187.992515
1019.121853,87,188.05566
72.316189,150,188.145556
62.831004,150,188.233838
3.995939,150,188.32324
57.688249,150,188.409846
45.729214,150,188.499838
76.670915,150,188.667565
82.62534,150,188.754534
1012.839644,73,188.811428
65.822987,150,188.899092
1015.789977,67,188.955765
36.487748,150,189.043567
12.720481,150,189.606731
52.763401,150,189.698359
46.602607,150,189.785818
57.955268,150,189.87219
1017.581141,67,189.929984
63.894716,150,190.016168
61.695556,150,190.105683
14.023815,150,190.194718
61.423579,150,190.361034
1008.44147,74,190.419129
59.191306,150,190.503587
55.54064,150,190.591509
34.727023,150,190.680733
51.7247,150,190.770408
51.95493,150,190.861587
71.010459,150,191.419555
69.071968,150,191.510303
24.32085,150,191.599979
38.715382,150,191.689537
1010.036702,70,191.746496
54.246429,150,191.833036
1012.203356,72,191.887932
39.456444,150,191.975462
1015.828936,68,192.101354
1010.633915,71,192.158297
23.190857,150,192.247715
74.222724,150,192.33486
74.070425,150,192.425192
70.839314,150,192.512587
17.029502,150,192.600583
52.936997,150,192.688783
43.136374,150,193.248093
25.101227,150,193.339207
34.023619,150,193.426379
76.04456,150,193.5197
1011.626734,71,193.576277
35.254403,150,193.663305
69.587962,150,193.75332
1009.397861,73,193.813139
13.640853,150,193.981912
1014.028633,67,194.035622
57.262475,150,194.123636
12.419038,150,194.214359
11.390555,150,194.2985
53.411295,150,194.388049
1026.9063,83,194.446554
47.99732,150,195.008133
22.970096,150,195.097188
67.863639,150,195.187861
64.15083,150,195.278055
8.742295,150,195.366786
1010.056428,76,195.428163
52.179026,150,195.516064
49.72521,150,195.601376
63.228446,150,195.775659
1020.869725,75,195.835585
52.370609,150,195.923476
32.623577,150,196.011085
57.051584,150,196.100682
12.637231,150,196.189786
61.867773,150,196.278739
23.957542,150,196.83273
12.450258,150,196.921778
56.805074,150,197.011608
1015.384079,72,197.068521
1010.067687,75,197.126062
1014.419692,69,197.177508
1016.174548,68,197.232401
1027.510107,85,197.293378
13.799315,150,197.3816
1012.772679,68,197.440339
71.960789,150,197.611317
1011.679864,83,197.672341
19.931922,150,197.759102
50.265189,150,197.857534
1011.33901,69,197.917646
69.97084,150,198.029694
23.105039,150,198.121347
1015.729666,71,198.179072
61.132323,150,198.7292
59.347937,150,198.818546
1014.349899,71,198.876146
41.513036,150,198.963339
42.38976,150,199.049776
29.894945,150,199.136594
42.383488,150,199.225419
1010.253692,71,199.281488
1010.210981,71,199.338127
73.696205,150,199.487293
22.753193,150,199.587162
29.215695,150,199.676558
45.345805,150,199.765586
1014.23924,73,199.821794
1010.402738,71,199.877425
36.884813,150,199.964369
6.102246,150,200.05271
1010.112828,73,200.573405
70.309577,150,200.662341
43.091867,150,200.751335
1010.165249,68,200.809998
48.913465,150,200.901026
55.079588,150,200.990738
45.427128,150,201.080805
22.863263,150,201.234608
60.215421,150,201.335144
60.691527,150,201.424756
5.034873,150,201.51258
45.801584,150,201.600275
57.603314,150,201.690046
64.188644,150,201.779377
1008.681241,75,201.842035
1012.923506,67,202.36861
37.638633,150,202.455852
39.240101,150,202.549438
42.925429,150,202.637612
1014.454222,71,202.695384
57.921583,150,202.785878
1008.726771,73,202.844224
76.169516,150,202.932631
56.386578,150,203.115209
1008.24898,78,203.177439
35.862726,150,203.266265
48.334471,150,203.353939
1016.248006,69,203.410189
1010.604484,73,203.464534
17.037679,150,203.553152
47.915337,150,203.641834
50.585284,150,203.732693
85.495381,150,204.289241
10.795876,150,204.380175
19.430778,150,204.468167
1007.889659,70,204.523297
1015.11958,69,204.575707
37.813746,150,204.66024
42.986249,150,204.747056
1011.13138,75,204.807578
54.385666,150,204.898978
56.174848,150,205.035956
58.681967,150,205.14788
45.48156,150,205.234829
47.397829,150,205.321962
1010.48892,73,205.378558
1011.596378,73,205.434497
1022.064321,78,205.493669
64.672328,150,206.050797
32.085186,150,206.142681
1014.684904,67,206.19961
35.449823,150,206.286958
55.293593,150,206.374249
33.888699,150,206.462248
19.523413,150,206.546761
60.75806,150,206.635043
26.83637,150,206.787818
23.12793,150,206.883908
40.951941,150,206.970973
47.691686,150,207.060083
1015.580464,70,207.115499
1011.287019,76,207.174724
1010.941482,74,207.231937
5.986431,150,207.318727
72.782044,150,207.878897
37.501415,150,207.972381
1014.096527,69,208.026021
1007.836556,72,208.084212
46.339712,150,208.171253
48.158306,150,208.261424
50.157284,150,208.350896
38.964175,150,208.437156
38.717086,150,208.526806
18.996026,150,208.690627
39.676975,150,208.7839
22.665442,150,208.87571
58.30031,150,208.961054
41.942779,150,209.048455
36.548645,150,209.134749
48.599974,150,209.692666
40.382872,150,209.779466
33.733966,150,209.866856
9.879265,150,209.955036
57.09116,150,210.04424
1009.798423,76,210.105197
40.427073,150,210.193139
37.840466,150,210.36108
82.048909,150,210.449576
10.436763,150,210.535511
58.486593,150,210.62443
49.333342,150,210.714225
22.634909,150,210.799412
1014.382747,68,210.858575
1011.18166,67,210.910962
43.139712,150,211.468413
1012.747431,70,211.52763
31.658894,150,211.614317
55.461226,150,211.702863
46.989511,150,211.792821
1017.650981,73,211.849208
20.538727,150,211.937991
58.66547,150,212.026729
21.651149,150,212.190298
26.144394,150,212.27763
41.32406,150,212.366314
65.550392,150,212.489152
1015.23988,75,212.55022
47.945574,150,212.637467
62.477838,150,212.727954
26.157652,150,213.332411
59.607482,150,213.424542
27.613839,150,213.511262
21.39256,150,213.596829
60.376927,150,213.687832
1010.589014,71,213.746477
45.648796,150,213.831031
5.332995,150,214.001874
1011.298418,75,214.063288
50.336819,150,214.152024
-17.310462,150,214.244141
62.500801,150,214.332807
10.89109,150,214.419882
18.829616,150,214.507833
48.997331,150,214.594398
33.05031,150,215.148365
1012.935335,76,215.206941
40.888713,150,215.29443
26.155083,150,215.381204
26.569492,150,215.469265
15.318733,150,215.554547
1010.411628,74,215.613294
60.022841,150,215.703559
49.092361,150,215.869935
65.666515,150,215.962926
1013.24175,78,216.021991
63.815629,150,216.108185
1018.270954,84,216.169016
50.501605,150,216.25578
49.258857,150,216.348412
28.989629,150,216.436897
62.493324,150,216.992068
47.939406,150,217.077982
27.344558,150,217.16517
1014.791328,68,217.220857
42.827817,150,217.363038
42.508724,150,217.45825
1011.579036,75,217.516166
1011.934395,77,217.657646
35.237658,150,217.74623
1011.133813,68,217.80209
14.431975,150,217.892588
17.776286,150,217.982043
35.779791,150,218.070099
34.835527,150,218.156374
15.992425,150,218.243454
40.360549,150,218.796377
35.3261,150,218.886167
35.143232,150,218.974282
1013.580761,69,219.028577
59.746152,150,219.116838
25.35326,150,219.203442
55.736639,150,219.290101
56.948041,150,219.378765
27.17035,150,219.467123
-2.708323,150,219.551843
-7.778435,150,219.724517
35.411921,150,219.811452
75.96165,150,219.897539
31.399758,150,219.982784
30.60796,150,220.532386
1013.695255,68,220.588006
17.541264,150,220.676979
55.162328,150,220.765576
1010.296168,70,220.822618
1014.3663,71,220.880632
61.878636,150,220.966642
37.562158,150,221.051915
1012.222891,69,221.106741
16.864534,150,221.282548
9.536834,150,221.370304
34.788629,150,221.456663
60.145398,150,221.543508
30.448478,150,221.631618
25.863215,150,221.718594
9.540439,150,221.806178
1009.601823,81,221.865844
73.020247,150,222.422639
1010.288623,75,222.481786
1012.564763,71,222.539583
1008.750774,75,222.595744
1012.208272,79,222.655955
45.158314,150,222.742953
67.827418,150,222.830773
1037.689928,93,222.895176
20.399092,150,222.983651
8.316047,150,223.144723
1011.068183,71,223.199608
65.658123,150,223.292272
22.047515,150,223.382316
1.508205,150,223.468752
14.434674,150,223.552182
37.023201,150,223.639714
39.433104,150,224.197537
39.868873,150,224.284765
43.184938,150,224.374328
1012.937878,74,224.429935
15.942821,150,224.515859
57.574947,150,224.603713
56.900472,150,224.690637
25.38522,150,224.776744
50.441732,150,224.942341
1008.148605,73,224.997344
63.851692,150,225.082646
44.680805,150,225.170444
46.133082,150,225.257007
27.270095,150,225.346399
30.018153,150,225.433493
21.581889,150,226.012703
60.395983,150,226.10609
72.149855,150,226.196177
1008.269053,75,226.254345
1017.504377,70,226.310206
35.277279,150,226.39775
33.044611,150,226.483885
1013.718967,71,226.539121
33.612875,150,226.628983
54.690997,150,226.714874
31.247391,150,226.881485
63.31791,150,226.96967
2.305984,150,227.056491
75.226226,150,227.148667
1012.166669,70,227.205699
48.365963,150,227.291993
11.378845,150,227.845737
9.89365,150,227.934383
1008.668668,71,227.990762
53.624338,150,228.079407
32.484916,150,228.164132
50.059704,150,228.253103
57.799829,150,228.340622
30.000782,150,228.426986
58.174769,150,228.591885
31.543823,150,228.68239
48.43399,150,228.77073
36.522638,150,228.858761
55.897408,150,228.945559
36.490979,150,229.032487
1010.909872,74,229.55773
54.88949,150,229.646893
48.6142,150,229.737368
38.00603,150,229.828139
27.006077,150,229.91655
-17.748347,150,230.004227
55.840339,150,230.092876
23.549788,150,230.183536
9.990302,150,230.34728
1011.158666,71,230.402889
42.035033,150,230.490652
1010.98903,69,230.548765
1015.301757,68,230.602904
1009.381814,75,230.661257
53.712335,150,230.749122
45.978218,150,230.836672
-6.867129,150,231.385838
1016.52875,68,231.441873
1009.483052,69,231.498727
58.2506,150,231.588699
18.727845,150,231.676977
48.408922,150,231.765768
42.54811,150,231.852796
36.656318,150,231.941383
49.231528,150,232.106383
47.565751,150,232.194662
1009.080648,73,232.253283
1012.814297,67,232.307141
22.375432,150,232.393371
1018.450103,72,232.451922
1013.597966,73,232.507215
41.557908,150,232.59364
44.664794,150,232.681739
41.08538,150,233.239305
27.402441,150,233.328322
1014.336732,70,233.388764
1015.373583,66,233.444154
-1.74979,150,233.533637
48.582516,150,233.622613
49.476305,150,233.707453
70.773443,150,233.796752
46.698323,150,233.960138
46.610968,150,234.047455
25.543015,150,234.137903
89.730927,150,234.225544
71.412025,150,234.314671
28.254253,150,234.402911
49.385035,150,234.490917
37.537533,150,235.039345
39.395617,150,235.126609
61.170944,150,235.213682
32.782627,150,235.302186
1026.905222,86,235.3637
35.368973,150,235.452959
40.835665,150,235.540817
33.0552,150,235.626254
10.762833,150,235.716829
41.446902,150,235.885876
1027.268456,85,235.95125
42.443766,150,236.035585
1009.307898,72,236.094684
1007.789129,77,236.155731
49.983648,150,236.245715
44.010801,150,236.797129
1016.600831,69,236.854387
-15.486382,150,236.942338
1013.660038,71,236.999387
28.551327,150,237.088274
1008.166931,75,237.144853
1009.914234,76,237.202268
31.175404,150,237.291159
58.007656,150,237.382659
5.046118,150,237.549069
18.532273,150,237.636043
1009.952307,71,237.689821
1016.484777,85,237.750938
38.770211,150,237.839199
16.165659,150,237.929834
54.669516,150,238.020822
42.739696,150,238.107859
5.832789,150,238.656505
65.770621,150,238.742745
58.370135,150,238.831163
77.283175,150,238.920272
1006.417936,76,238.985215
1011.115475,72,239.047856
53.617805,150,239.149404
56.22716,150,239.315719
71.605879,150,239.429992
18.038172,150,239.518028
69.374393,150,239.606924
18.375948,150,239.697819
18.354428,150,239.783116
25.849325,150,239.868344
30.720933,150,239.955544
26.400031,150,240.508746
1016.618939,78,240.572101
-7.084757,150,240.659343
30.677469,150,240.74681
58.381175,150,240.834169
77.613553,150,240.919887
1022.229342,82,240.984411
1022.862935,75,241.040493
35.456156,150,241.134722
41.166662,150,241.300637
42.242612,150,241.388133
27.197819,150,241.475387
31.452346,150,241.565528
7.335372,150,241.653202
32.748094,150,241.741568
1008.074144,70,242.259212
68.103814,150,242.346316
44.085251,150,242.433836
41.784822,150,242.521108
69.581991,150,242.609393
53.336651,150,242.699313
28.558132,150,242.788516
1013.320653,73,242.846376
51.228997,150,243.015985
55.720697,150,243.101042
1012.897726,65,243.154705
10.012097,150,243.241088
1009.785072,72,243.296632
48.015746,150,243.384654
38.242071,150,243.473205
21.923765,150,244.030588
50.953206,150,244.11682
39.284027,150,244.203524
71.419412,150,244.292699
21.712264,150,244.38046
14.32185,150,244.467766
21.934752,150,244.55343
56.987073,150,244.639636
60.661413,150,244.80173
1009.933141,71,244.857656
45.476709,150,244.945084
1028.876094,87,245.007563
57.79354,150,245.095536
66.420898,150,245.184522
36.798351,150,245.27568
22.267526,150,245.826383
62.401489,150,245.917457
1006.244035,72,245.978563
1014.66016,66,246.033762
68.892088,150,246.119833
27.325059,150,246.205841
7.546609,150,246.295619
1011.456435,70,246.350722
21.780161,150,246.514896
36.635547,150,246.644768
1032.589062,88,246.710097
1013.682915,71,246.767551
28.45046,150,246.858012
16.308986,150,246.946605
30.204434,150,247.035525
31.480781,150,247.124523
52.78104,150,247.689159
12.424345,150,247.776714
47.141941,150,247.865392
45.62357,150,247.955134
61.989549,150,248.043811
1012.248421,73,248.100968
67.51601,150,248.186705
20.344907,150,248.278886
35.771326,150,248.440626
1012.686023,79,248.50249
1012.070732,69,248.559396
56.068067,150,248.647082
41.27884,150,248.735562
1009.065102,75,248.794897
41.534113,150,248.880486
1008.859745,74,248.937598
37.498486,150,249.496638
42.033313,150,249.587282
51.540175,150,249.678637
37.923616,150,249.765679
30.313639,150,249.853083
1013.566017,71,249.908946
45.146908,150,249.999594
57.801548,150,250.089185
60.933997,150,250.175905
40.853423,150,250.265333
70.220358,150,250.430054
45.977547,150,250.51908
1012.090704,70,250.575221
41.045815,150,250.662664
54.93542,150,250.753145
79.707514,150,251.30765
1011.390559,76,251.364989
1015.002949,67,251.418906
36.575657,150,251.504359
37.597629,150,251.592633
43.842014,150,251.683521
43.243195,150,251.771137
1011.147063,69,251.824774
91.378128,150,251.919011
50.477677,150,252.087572
64.007305,150,252.178159
25.789545,150,252.265857
10.720772,150,252.356029
24.241739,150,252.445747
1011.209407,69,252.499608
31.245971,150,252.585498
65.878374,150,253.137166
1010.852844,70,253.197936
1.770918,150,253.289629
1015.287204,72,253.346165
40.382851,150,253.437318
36.004775,150,253.524356
24.237617,150,253.612294
15.002165,150,253.69895
1010.620301,70,253.829077
1014.086308,72,253.888451
57.021923,150,253.977511
1015.735783,80,254.040401
40.125589,150,254.139043
37.862258,150,254.233613
18.741284,150,254.336412
53.251929,150,254.425526
-4.44776,150,254.977943
1014.670041,68,255.033072
38.50716,150,255.122192
31.766288,150,255.276588
1014.710124,70,255.334993
1013.903575,76,255.393164
72.442726,150,255.480639
1014.461847,71,255.537898
43.419948,150,255.629098
44.975025,150,255.794357
41.877003,150,255.880764
55.722928,150,255.971549
1012.307628,79,256.030605
1.327748,150,256.120731
1030.74153,88,256.185201
1007.499264,76,256.243297
-2.870726,150,256.327346
33.095877,150,256.885383
1013.20919,70,256.943732
32.575188,150,257.030696
1015.40008,74,257.088388
28.526008,150,257.175068
18.274387,150,257.262921
1007.123809,75,257.321454
57.407853,150,257.411033
1023.164276,80,257.470635
67.959799,150,257.561417
30.300301,150,257.730814
13.337227,150,257.817234
31.554992,150,257.904757
46.277029,150,257.992703
53.206051,150,258.07938
37.917431,150,258.164067
4.486689,150,258.712266
1023.501997,78,258.77035
79.223397,150,258.858217
45.721373,150,258.9473
1011.843491,71,259.006102
1013.807122,70,259.063554
39.728121,150,259.153119
40.131103,150,259.244931
24.975651,150,259.333285
65.736842,150,259.508262
1013.832185,68,259.562105
1008.416437,74,259.621295
11.276825,150,259.713557
54.695981,150,259.799975
72.515154,150,259.883565
1017.27602,80,259.944255
30.188835,150,260.03093
12.707356,150,260.581102
1011.355706,73,260.641408
1013.866754,82,260.701939
13.084763,150,260.792376
1015.921941,83,260.856909
65.59983,150,260.948391
1010.659606,74,261.004711
1023.103405,75,261.062103
56.837446,150,261.210421
57.129874,150,261.308006
47.894525,150,261.391802
1016.775066,72,261.451451
61.483919,150,261.538772
64.292826,150,261.624997
60.740095,150,261.714252
1010.676492,71,261.773771
27.158836,150,261.859789
44.550074,150,262.438054
51.66392,150,262.544178
41.775012,150,262.636992
51.92922,150,262.726073
29.69054,150,262.818071
18.936857,150,262.911248
1026.675017,77,262.977166
54.680862,150,263.147198
47.509325,150,263.235593
1009.376086,73,263.294506
72.775976,150,263.382946
47.771226,150,263.470455
69.078141,150,263.559768
15.311824,150,263.651842
1013.798662,77,263.711826
45.534091,150,264.303385
1014.652812,77,264.368208
30.034884,150,264.457175
56.679745,150,264.553551
1015.246756,71,264.610484
55.12321,150,264.706924
34.900982,150,264.798834
17.150801,150,265.002197
12.461334,150,265.103814
1011.491844,78,265.164328
11.682955,150,265.253936
44.201715,150,265.349837
64.545171,150,265.440283
31.504499,150,265.532785
1007.717132,74,265.590948
18.104222,150,265.679335
8.291668,150,266.264732
1017.189635,74,266.321183
-22.164222,150,266.408946
40.75025,150,266.509362
75.309335,150,266.604617
55.82062,150,266.705081
48.240313,150,266.808205
1010.978458,74,266.866337
44.691712,150,267.032826
29.294966,150,267.120615
47.754265,150,267.209747
1014.853225,80,267.268895
11.113872,150,267.355775
9.010331,150,267.446623
56.257502,150,267.533886
49.113767,150,268.085893
50.5666,150,268.173591
1012.506348,69,268.229123
41.435022,150,268.319093
23.63057,150,268.408791
20.276986,150,268.496858
1007.719916,73,268.554344
62.12715,150,268.640956
62.771759,150,268.729224
-15.645554,150,268.81993
25.958974,150,268.980484
10.825348,150,269.068173
52.323038,150,269.158079
21.989461,150,269.244691
62.662643,150,269.801501
1012.472775,67,269.857876
37.701093,150,269.945399
1015.359406,70,270.00054
38.312863,150,270.089583
43.681274,150,270.179934
23.07357,150,270.266798
39.074682,150,270.352155
47.623056,150,270.443565
26.995962,150,270.557802
1010.071086,74,270.665562
51.159592,150,270.756458
54.772306,150,270.844103
1013.329974,75,270.89936
41.515185,150,270.987177
66.361105,150,271.075451
44.306062,150,271.62736
48.144723,150,271.717488
56.69442,150,271.807515
20.547111,150,271.893245
22.700498,150,271.980212
50.799444,150,272.068843
63.7216,150,272.1587
1012.022808,76,272.217729
36.332459,150,272.378143
-2.937378,150,272.463882
11.192925,150,272.547798
60.034668,150,272.634913
52.455087,150,272.72452
58.389009,150,272.810986
1014.934388,73,272.868912
27.021308,150,273.440665
14.630865,150,273.525242
55.227436,150,273.613892
31.246575,150,273.699674
6.652649,150,273.786387
44.365013,150,273.871015
53.621097,150,273.959933
1021.703816,78,274.022548
39.363959,150,274.108451
1012.541616,75,274.165854
1024.512238,81,274.306498
30.105879,150,274.393195
1008.5013,78,274.454878
53.508422,150,274.54594
72.432213,150,274.632839
31.439206,150,275.17465
58.232344,150,275.265637
28.946424,150,275.356649
33.384568,150,275.44209
50.303322,150,275.531262
67.240095,150,275.61789
12.094301,150,275.704141
1013.3085,82,275.764792
45.829599,150,275.935507
32.569578,150,276.02147
33.452472,150,276.107356
45.34209,150,276.195502
41.591769,150,276.284121
68.089708,150,276.369478
53.743656,150,276.456111
17.54822,150,277.00747
-0.232719,150,277.097645
62.806643,150,277.186885
50.531785,150,277.307667
66.999584,150,277.403451
1016.974135,68,277.461377
1019.199049,73,277.523843
1014.149758,68,277.581984
53.286509,150,277.764648
9.135028,150,277.853332
1009.268825,80,277.925442
40.937547,150,278.062813
45.851652,150,278.162864
48.671614,150,278.281853
41.359446,150,278.388663
1011.171556,73,278.465732
1010.542225,74,279.040359
1019.871397,79,279.118371
25.354871,150,279.210576
1010.908966,77,279.274098
1020.018522,74,279.336288
34.827562,150,279.425541
1014.816507,83,279.490297
1012.479707,74,279.545439
1007.339391,77,279.604871
30.018435,150,279.819271
34.340992,150,279.930741
52.810278,150,280.030171
1021.689822,76,280.090847
57.286797,150,280.17913
1028.623223,91,280.243558
50.819532,150,280.333418
43.871902,150,280.418701
43.535047,150,280.503803
1016.52863,78,281.057044
28.01907,150,281.147025
1010.050335,77,281.209922
58.244663,150,281.300191
58.741686,150,281.388557
1016.931763,75,281.444722
75.811041,150,281.533153
1015.13659,72,281.589485
1008.526903,84,281.740202
74.835147,150,281.827723
44.556842,150,281.918252
16.860577,150,282.007794
1007.15854,74,282.067475
1049.910025,101,282.136819
33.706642,150,282.226773
44.240367,150,282.316199
57.325508,150,282.402003
1011.905222,75,282.930125
1015.029658,79,282.98966
1015.576511,73,283.047289
1016.251938,82,283.107926
-2.441606,150,283.196702
1021.715834,85,283.263454
1015.972174,69,283.320437
31.362832,150,283.40906
1016.529151,76,283.468106
1013.209012,76,283.529907
1016.639274,74,283.587027
54.290059,150,283.756338
75.956885,150,283.847203
1009.946316,76,283.907454
32.485651,150,283.998054
1024.265691,88,284.063651
42.347563,150,284.150922
1010.530349,74,284.212796
1027.05583,86,284.274158
23.782981,150,284.362619
43.05934,150,284.912487
49.08156,150,285.003254
40.362586,150,285.093312
5.233193,150,285.182631
50.161933,150,285.269946
48.933626,150,285.356544
12.086568,150,285.447118
16.64175,150,285.544488
6.840867,150,285.680879
52.774276,150,285.803618
36.739004,150,285.892931
1009.687077,70,285.948259
1016.39568,68,286.005542
60.665518,150,286.091631
1017.118937,67,286.144535
42.842851,150,286.694099
36.359181,150,286.786181
30.830165,150,286.873358
48.688034,150,286.963572
1011.256423,71,287.019284
45.800497,150,287.110236
28.616109,150,287.201036
48.19324,150,287.291543
33.422111,150,287.457034
1018.022356,77,287.517754
55.858003,150,287.603037
1008.67256,74,287.658233
16.759369,150,287.745658
20.797026,150,287.834011
45.955187,150,287.926338
20.063533,150,288.483301
63.629465,150,288.574404
1009.06201,77,288.635911
1014.580856,76,288.6964
53.497863,150,288.783814
59.382719,150,288.870042
59.409,150,288.959743
68.490034,150,289.049614
1015.11697,74,289.181629
72.898909,150,289.274797
46.907532,150,289.364015
1008.644417,72,289.422554
1012.594778,70,289.47527
1013.892431,74,289.532916
20.793015,150,289.619344
60.959009,150,289.706932
1027.519562,84,289.768475
70.649912,150,290.359661
1016.067457,76,290.424275
36.240412,150,290.514722
73.119982,150,290.603399
31.015682,150,290.691234
57.760036,150,290.782591
1018.880044,70,290.836858
1012.542849,73,290.894239
34.170877,150,291.063471
61.040214,150,291.151565
56.78852,150,291.240984
56.539455,150,291.328443
30.713613,150,291.412293
31.175325,150,291.500152
38.419963,150,291.588196
36.328289,150,292.142989
36.403395,150,292.23106
11.396515,150,292.317251
1010.136009,72,292.373747
58.94398,150,292.462464
46.477892,150,292.548691
73.091105,150,292.635933
1019.11897,80,292.695255
56.698027,150,292.788742
36.360484,150,292.966981
60.176324,150,293.053769
52.453701,150,293.140505
45.969729,150,293.225826
48.053824,150,293.317078
1008.920322,75,293.379292
49.174612,150,293.930988
58.068454,150,294.021621
63.132579,150,294.107028
1013.898322,71,294.163702
1008.7338,74,294.222144
1015.47012,72,294.278362
59.569381,150,294.364934
1008.780129,76,294.42174
13.267269,150,294.509852
1013.158128,68,294.650725
62.816982,150,294.744736
48.792278,150,294.83475
47.609227,150,294.92204
40.233503,150,295.007054
45.229273,150,295.096971
57.73413,150,295.184899
46.186904,150,295.272106
69.670963,150,295.829597
33.051418,150,295.917985
1010.291414,72,295.974496
1007.992834,80,296.030883
52.12854,150,296.115966
46.355363,150,296.201745
71.058045,150,296.294249
1025.657605,82,296.357795
26.157345,150,296.533198
1010.172898,73,296.592207
31.065792,150,296.681713
51.049389,150,296.768588
58.951359,150,296.875314
39.549913,150,296.963451
1018.74461,77,297.025751
1010.638209,74,297.088384
54.929325,150,297.712227
42.110412,150,297.801925
59.625038,150,297.894707
9.036138,150,297.99285
1011.675189,79,298.054912
74.05906,150,298.145979
52.962591,150,298.253998
47.256391,150,298.362171
39.462789,150,298.549348
84.675168,150,298.644704
1008.241794,78,298.712093
1007.321344,74,298.774698
1016.038387,69,298.841055
1012.930808,73,298.898066
23.456113,150,298.999044
1015.603724,69,299.060741
58.316049,150,299.16298
60.589549,150,299.778569
59.703133,150,299.877261
1014.900832,76,299.937874
1009.777597,71,300.005068
37.478159,150,300.096176
54.281856,150,300.197413
1010.259778,70,300.261475
1013.777325,70,300.323596
71.288691,150,300.421911
49.03166,150,300.6239
1009.988993,81,300.691413
1015.928835,69,300.7542
74.039632,150,300.857988
1015.196621,73,300.918755
17.455533,150,301.020748
68.803103,150,301.118842
46.411132,150,301.216941
24.649424,150,301.857641
1019.561091,73,301.929394
42.135575,150,302.032307
56.188883,150,302.171825
72.888524,150,302.327945
54.340799,150,302.444537
1017.125894,81,302.52089
1010.154887,71,302.657936
64.983606,150,302.807741
87.326331,150,302.913698
23.342532,150,303.019098
1007.070106,76,303.086783
42.30527,150,303.192439
1014.559392,74,303.263172
37.681727,150,303.375125
1009.710076,75,303.44485
1013.074906,71,303.513366
1018.015503,66,303.570591
53.636458,150,304.27934
51.923111,150,304.382542
1016.373461,72,304.451379
1015.22123,71,304.523477
1017.523032,75,304.592243
1008.639567,71,304.659415
47.019083,150,304.882209
1014.367328,74,304.957588
37.425643,150,305.06372
1016.198809,73,305.119546
45.729123,150,305.225609
66.059082,150,305.339332
1010.150743,72,305.417355
32.748952,150,305.527872
62.703224,150,305.641194
53.767366,150,305.748399
1020.537675,85,305.827018
61.14822,150,305.940861
1012.075344,76,306.65095
51.933923,150,306.744813
55.637473,150,306.836707
1015.246238,70,306.902552
58.512131,150,306.998085
1011.777354,73,307.06519
1013.888294,71,307.137961
41.136723,150,307.356952
68.010946,150,307.47944
49.707582,150,307.615416
44.168881,150,307.756931
28.607554,150,307.87839
18.458271,150,308.029285
1017.31787,72,308.134386
52.196179,150,308.331077
53.780078,150,308.519932
1014.473885,72,309.690608
1007.307551,78,309.946345
45.66651,150,310.117237
1020.767634,86,310.184012
72.414094,150,310.272124
53.170184,150,310.358296
56.667188,150,310.44788
32.889217,150,310.539566
1013.760735,73,310.594704
36.977799,150,310.680047
24.46374,150,310.767623
48.845004,150,310.852132
1016.353079,74,310.913611
32.618917,150,311.00018
50.165515,150,311.088444
1018.000886,83,311.14971
1015.78241,74,311.207268
1013.093639,78,311.735435
35.30629,150,311.821368
1014.954111,72,311.877754
60.840518,150,311.966585
1012.013813,68,312.02186
66.845894,150,312.110142
62.165051,150,312.199761
1017.775265,81,312.259913
1010.357913,70,312.317215
0.420893,150,312.484113
1010.263777,70,312.542084
1013.351095,72,312.597454
1009.021828,79,312.65676
38.756309,150,312.746606
64.185336,150,312.834005
30.836068,150,312.921989
57.094442,150,313.00996
72.154198,150,313.101672
1014.669112,77,313.635276
3.714765,150,313.729232
43.294844,150,313.828362
46.792865,150,313.941294
41.634613,150,314.030627
46.398652,150,314.11693
60.22849,150,314.205821
1010.860851,77,314.333194
0.041647,150,314.435939
71.677254,150,314.523333
1019.199507,86,314.584384
61.182706,150,314.673998
44.032182,150,314.761438
1019.930094,78,314.822958
1013.815353,71,314.880901
1011.200322,76,314.94092
51.805588,150,315.534275
44.577915,150,315.624193
52.921917,150,315.714424
45.372085,150,315.802868
21.016315,150,315.889319
1014.09809,73,315.947634
1021.470452,81,316.011503
63.737582,150,316.184048
67.757353,150,316.277669
57.992066,150,316.367656
1010.823178,68,316.426166
1009.694572,70,316.485566
1006.498716,76,316.544084
44.120193,150,316.630665
1009.771181,70,316.685918
1012.53313,78,316.742695
48.883289,150,316.829487
1015.104767,69,316.885203
47.136229,150,317.437248
43.599567,150,317.524103
66.065154,150,317.611453
76.110152,150,317.698585
21.098123,150,317.786246
55.726588,150,317.872576
29.880292,150,317.957871
56.739718,150,318.126497
27.233796,150,318.214882
1010.05132,69,318.274488
55.470518,150,318.362156
46.496642,150,318.451034
27.73643,150,318.537849
1010.019733,71,318.593395
1015.670116,72,318.650129
38.921926,150,319.202268
1017.117052,67,319.257603
1018.208516,71,319.316501
1016.99735,72,319.374923
1011.297155,66,319.427286
55.6624,150,319.518791
1012.681271,69,319.576963
81.195095,150,319.66314
46.534075,150,319.75155
66.047106,150,319.912263
60.737802,150,320.016508
61.844195,150,320.105704
1019.278641,78,320.163695
47.478541,150,320.253152
49.6596,150,320.342549
23.623258,150,320.430905
1017.369702,75,320.491902
92.072898,150,320.581596
1014.009808,69,321.184236
42.624383,150,321.291475
49.874329,150,321.387699
1005.557912,76,321.446703
1012.815176,68,321.504319
40.788204,150,321.593635
1010.614237,68,321.651593
1013.85454,71,321.814453
69.414614,150,321.905446
31.921336,150,321.996623
52.836815,150,322.087007
59.017464,150,322.179188
55.600337,150,322.292133
45.578545,150,322.386142
65.089586,150,322.479151
1017.779364,79,322.540732
1012.966159,70,322.600768
1016.223335,72,323.156312
34.692286,150,323.247607
52.083413,150,323.337509
50.970324,150,323.428278
90.840468,150,323.520237
1021.921543,75,323.580076
1009.558608,72,323.638749
1014.989113,70,323.703289
1020.071875,88,323.770486
43.896333,150,323.950343
38.911784,150,324.041604
53.191786,150,324.130771
46.926692,150,324.220509
76.931924,150,324.310466
1011.970783,69,324.370924
45.855718,150,324.460606
1012.971359,82,324.52487
36.123214,150,325.150758
74.156951,150,325.240373
34.826107,150,325.332501
65.140633,150,325.426234
60.966407,150,325.517735
65.184831,150,325.608156
73.464003,150,325.70125
48.277677,150,325.786892
1015.671309,73,325.845194
1015.540033,68,326.013261
26.563464,150,326.153742
9.759996,150,326.246762
40.711038,150,326.341489
74.185023,150,326.431344
1009.531137,77,326.492382
46.136747,150,327.071803
44.576434,150,327.166367
34.348223,150,327.25895
1010.582854,71,327.318911
42.665845,150,327.409433
45.492684,150,327.497255
48.798015,150,327.589973
51.115227,150,327.778329
64.88681,150,327.873203
67.760379,150,327.965453
34.530289,150,328.055837
58.162098,150,328.145912
46.71657,150,328.238304
52.282587,150,328.336875
1016.971469,70,328.396238
1007.423513,74,328.953626
36.930544,150,329.042718
79.112734,150,329.132843
55.969901,150,329.227077
59.041304,150,329.320603
1016.148338,70,329.380772
1021.403153,83,329.44126
1019.186602,73,329.50348
1015.446555,78,329.639339
1042.83777,102,329.752427
1015.318916,65,329.814836
46.337148,150,329.904738
1022.06525,76,329.964276
45.230727,150,330.051388
35.311072,150,330.140958
41.986204,150,330.228065
47.810319,150,330.31851
70.306848,150,330.898137
1012.169298,70,330.957903
13.72192,150,331.046596
1011.601245,68,331.104176
1013.321848,75,331.163282
52.384235,150,331.252551
44.295696,150,331.344256
32.835639,150,331.438018
59.494905,150,331.625397
1016.993601,73,331.68365
27.141661,150,331.77132
17.391237,150,331.863705
37.803138,150,331.957625
54.965699,150,332.051581
19.396185,150,332.141075
1019.766143,68,332.197865
74.389505,150,332.291917
1019.465769,89,333.140633
52.640803,150,333.238216
66.111772,150,333.378332
1013.290763,69,333.45574
1014.058113,75,333.520747
49.240146,150,333.853801
1012.326722,71,333.935275
49.574036,150,334.034912
42.490663,150,334.135908
1015.823503,90,334.209523
62.762628,150,334.306391
47.096236,150,334.404863
49.325475,150,334.496397
1008.75718,69,334.557248
36.656953,150,334.654141
69.442526,150,334.750355
1022.314359,80,334.918934
1012.636848,70,335.637344
52.395702,150,335.768773
45.822636,150,335.897687
36.572034,150,335.999436
1011.026608,71,336.200015
63.406927,150,336.472354
1009.026248,74,336.565988
20.033279,150,336.707944
1019.73183,88,336.810374
42.547189,150,336.988591
31.501415,150,337.098588
63.503871,150,337.194257
58.258684,150,337.366947
1014.152168,73,337.429883
27.311742,150,337.522153
64.835459,150,337.619019
63.491881,150,338.519008
13.52596,150,338.612099
47.501141,150,338.709223
59.291356,150,338.809445
1017.112209,72,338.873849
54.256803,150,339.060085
59.539318,150,339.156162
53.156103,150,339.250787
54.975687,150,339.346651
53.427966,150,339.440692
1020.794405,85,339.507087
39.405408,150,339.604151
1013.390426,68,339.661854
72.472146,150,339.760515
1014.538717,70,339.820216
1010.346524,71,339.882736
30.975252,150,340.483459
58.265804,150,340.576455
1013.567166,68,340.632744
56.439334,150,340.727719
1011.415551,70,340.784672
61.74974,150,340.875397
1010.128077,77,340.941179
1012.02243,74,341.006738
1016.282455,72,341.162719
25.379424,150,341.258166
1016.184843,77,341.321104
31.432434,150,341.413534
1009.243436,75,341.475218
1013.23432,70,341.534085
1014.286579,80,341.596152
1008.993534,71,341.654807
82.865611,150,341.751195
49.825769,150,341.842819
1021.013981,89,341.907047
70.199539,150,342.540639
48.228207,150,342.637349
1008.142533,73,342.702557
39.257051,150,342.801924
1016.125383,73,342.864757
1014.730517,70,342.923519
37.042825,150,343.01957
50.197686,150,343.210416
47.74275,150,343.303932
44.857513,150,343.393688
36.03635,150,343.485096
64.081019,150,343.575853
45.222064,150,343.66835
54.381121,150,343.761773
48.36775,150,343.855005
59.867288,150,343.946243
31.007804,150,344.535898
72.307894,150,344.629149
1011.778428,69,344.690201
1009.837902,72,344.753155
56.841786,150,344.847065
53.238627,150,344.940768
55.879591,150,345.033782
54.459216,150,345.227354
30.530308,150,345.319504
56.511623,150,345.412313
13.888799,150,345.504209
45.067289,150,345.598979
42.700594,150,345.789876
37.949289,150,345.886973
55.282051,150,346.486605
72.128922,150,346.578005
21.544627,150,346.670207
70.669484,150,346.764249
58.647383,150,346.855296
1010.512586,70,346.913782
53.431201,150,347.008936
1014.8934,73,347.072381
44.23317,150,347.2581
64.205426,150,347.352044
1015.010666,67,347.409317
62.516992,150,347.501857
48.769567,150,347.593474
54.266626,150,347.688973
41.668672,150,347.780858
1014.532586,78,347.844349
56.938457,150,348.460459
78.84982,150,348.556912
60.332931,150,348.65195
1013.182535,78,348.716425
54.078297,150,348.80925
1008.054534,72,348.868958
79.576601,150,349.006749
45.211773,150,349.095689
41.70905,150,349.289022
1018.444585,72,349.349651
82.319832,150,349.44509
42.114826,150,349.539533
1010.44487,69,349.599423
57.314329,150,349.693983
78.842199,150,349.795123
92.713586,150,349.887484
54.003664,150,350.485003
19.869306,150,350.582223
49.501202,150,350.675471
1016.012684,78,350.73783
1009.561057,78,350.801388
1015.99697,67,350.857748
47.312915,150,350.954393
61.939511,150,351.052095
69.022753,150,351.143885
1016.898776,82,351.304946
66.953301,150,351.403727
49.053592,150,351.498035
1012.381288,75,351.561064
71.840465,150,351.6519
1011.168432,70,351.714071
1014.026791,76,351.773803
52.359996,150,351.867164
1018.435276,68,352.422198
42.90393,150,352.515261
1020.274688,88,352.579997
1011.718426,71,352.672231
1015.424069,69,352.737867
56.784901,150,352.83406
1008.136735,75,352.89532
51.079924,150,353.030968
64.915291,150,353.18306
39.30727,150,353.274043
1008.617559,71,353.333357
1014.160948,73,353.392301
61.17582,150,353.482793
1017.609571,72,353.544912
25.200283,150,353.636594
1009.859326,78,353.703478
67.528281,150,353.795046
54.627325,150,353.883389
1010.48721,70,353.947208
87.256662,150,354.540955
70.796688,150,354.636583
66.261252,150,354.7305
1029.366963,86,354.793613
56.779497,150,354.885532
24.311969,150,354.978851
41.919648,150,355.072486
1012.990969,70,355.205514
17.531694,150,355.316196
57.751032,150,355.410801
-15.288393,150,355.497732
64.25082,150,355.587418
82.422953,150,355.680316
57.689083,150,355.775577
51.182282,150,356.371058
26.54468,150,356.462015
85.263387,150,356.649248
68.921605,150,356.748709
54.689546,150,356.842856
59.450429,150,356.94578
1011.654699,70,357.007182
43.179153,150,357.189745
61.287131,150,357.286346
50.249293,150,357.374457
19.866525,150,357.462637
49.862969,150,357.551997
1030.165341,86,357.617986
26.499213,150,357.710637
44.470766,150,357.802212
65.593085,150,358.400823
67.387589,150,358.494114
17.005085,150,358.583955
1014.647035,73,358.644405
1018.601274,78,358.706985
1009.827272,74,358.76815
55.769684,150,358.860988
49.976568,150,358.962466
66.796348,150,359.05152
45.315098,150,359.238384
51.087859,150,359.330948
24.052402,150,359.422253
1013.236567,71,359.483735
46.133374,150,359.579584
65.356814,150,359.672727
1017.298434,67,359.735563
80.008384,150,360.334481
49.47275,150,360.428297
35.501617,150,360.520645
59.020899,150,360.617895
58.002245,150,360.7096
94.223271,150,360.803509
72.419098,150,360.991865
1015.545896,79,361.055464
47.693966,150,361.145968
1016.757321,72,361.204439
76.182646,150,361.296508
52.444778,150,361.386137
43.450819,150,361.478894
81.117167,150,361.569481
1021.322314,74,361.630394
1022.960954,76,361.694565
